cpuID,file,Trials
DESKTOP-V8VBQT6,1add6459631cb1224914462645a439b547c06204,-overtrtData-2024-07-31-11-44-15.csv,0
EMC173-1,7c865bb58e0387bec521f4cd3272617aa363e4f1,,0
EMC173-1,7c865bb58e0387bec521f4cd3272617aa363e4f1,,0
EMC173-1,7c865bb58e0387bec521f4cd3272617aa363e4f1,,0
EMC173-1,7c865bb58e0387bec521f4cd3272617aa363e4f1,asdf-overtrtData-2024-07-31-14-37-20.csv,0
EMC173-1,7c865bb58e0387bec521f4cd3272617aa363e4f1,Juliantest-overtrtData-2024-07-31-14-38-23.csv,5
EMC173-1,7c865bb58e0387bec521f4cd3272617aa363e4f1,-overtrtData-2024-07-31-14-39-30.csv,0
EMC173-1,7c865bb58e0387bec521f4cd3272617aa363e4f1,-overtrtData-2024-07-31-14-40-50.csv,0
EMC173-1,7c865bb58e0387bec521f4cd3272617aa363e4f1,asdf-overtrtData-2024-07-31-14-45-16.csv,0
EMC173-1,7c865bb58e0387bec521f4cd3272617aa363e4f1,asdf-overtrtData-2024-07-31-14-46-42.csv,0
EMC173-1,7c865bb58e0387bec521f4cd3272617aa363e4f1,-overtrtData-2024-07-31-14-47-01.csv,0
EMC173-1,7c865bb58e0387bec521f4cd3272617aa363e4f1,-overtrtData-2024-07-31-14-48-17.csv,0
EMC173-1,7c865bb58e0387bec521f4cd3272617aa363e4f1,-overtrtData-2024-07-31-14-49-24.csv,0
DESKTOP-BNVQNRU,7b616abe3b1975b7945ac51bb461532b8e4fd2d5,,0
DESKTOP-BNVQNRU,7b616abe3b1975b7945ac51bb461532b8e4fd2d5,-overtrtData-2025-01-27-12-12-10.csv,50
DESKTOP-BNVQNRU,7b616abe3b1975b7945ac51bb461532b8e4fd2d5,-overtrtData-2025-01-27-12-18-31.csv,5
DESKTOP-BNVQNRU,7b616abe3b1975b7945ac51bb461532b8e4fd2d5,-overtrtData-2025-01-27-12-20-01.csv,50
