CaptureTime;CalcXEccentricity;CalcYEccentricity;Valid;CombinedGazeOrigin
1739395626575;NaN;NaN;INVALID;
1739395626580;NaN;NaN;INVALID;
1739395626585;NaN;NaN;INVALID;
1739395626590;NaN;NaN;INVALID;
1739395626595;NaN;NaN;INVALID;
1739395626600;NaN;NaN;INVALID;
1739395626605;NaN;NaN;INVALID;
1739395626610;NaN;NaN;INVALID;
1739395626615;NaN;NaN;INVALID;
1739395626620;NaN;NaN;INVALID;
1739395626625;NaN;NaN;INVALID;
1739395626630;NaN;NaN;INVALID;
1739395626635;NaN;NaN;INVALID;
1739395626640;NaN;NaN;INVALID;
1739395626645;NaN;NaN;INVALID;
1739395626650;NaN;NaN;INVALID;
1739395626655;NaN;NaN;INVALID;
1739395626660;NaN;NaN;INVALID;
1739395626665;NaN;NaN;INVALID;
1739395626670;NaN;NaN;INVALID;
1739395626675;NaN;NaN;INVALID;
1739395626680;NaN;NaN;INVALID;
1739395626685;NaN;NaN;INVALID;
1739395626690;NaN;NaN;INVALID;
1739395626695;NaN;NaN;INVALID;
1739395626700;NaN;NaN;INVALID;
1739395626705;NaN;NaN;INVALID;
1739395626710;NaN;NaN;INVALID;
1739395626715;NaN;NaN;INVALID;
1739395626720;NaN;NaN;INVALID;
1739395626725;NaN;NaN;INVALID;
1739395626730;NaN;NaN;INVALID;
1739395626735;NaN;NaN;INVALID;
1739395626740;NaN;NaN;INVALID;
1739395626745;NaN;NaN;INVALID;
1739395626750;NaN;NaN;INVALID;
1739395626755;4.523814;4.956140;VALID;(0.078580, 0.086126, 0.993181)
1739395626760;4.659263;4.898273;VALID;(0.080935, 0.085107, 0.993079)
1739395626765;4.470986;4.506757;VALID;(0.077715, 0.078339, 0.993893)
1739395626770;4.359820;4.282421;VALID;(0.075809, 0.074458, 0.994339)
1739395626775;4.313700;4.207325;VALID;(0.075016, 0.073159, 0.994495)
1739395626780;4.247221;4.473665;VALID;(0.073836, 0.077788, 0.994232)
1739395626785;4.305431;4.640027;VALID;(0.074829, 0.080668, 0.993928)
1739395626790;4.295172;4.644934;VALID;(0.074650, 0.080755, 0.993935)
1739395626795;4.314677;4.715190;VALID;(0.074981, 0.081971, 0.993810)
1739395626800;4.369934;4.866401;VALID;(0.075923, 0.084588, 0.993519)
1739395626805;4.534738;4.877878;VALID;(0.078779, 0.084768, 0.993282)
1739395626810;4.628299;4.918526;VALID;(0.080396, 0.085462, 0.993093)
1739395626815;4.891644;5.099227;VALID;(0.084937, 0.088560, 0.992443)
1739395626820;4.941519;5.478408;VALID;(0.085748, 0.095119, 0.991766)
1739395626825;4.902204;5.592966;VALID;(0.085051, 0.097108, 0.991633)
1739395626830;4.790790;5.549055;VALID;(0.083129, 0.096363, 0.991869)
1739395626835;4.758047;5.729002;VALID;(0.082537, 0.099483, 0.991610)
1739395626840;4.690927;5.826983;VALID;(0.081361, 0.101188, 0.991535)
1739395626845;4.492204;5.962815;VALID;(0.077902, 0.103567, 0.991567)
1739395626850;4.475159;5.874604;VALID;(0.077620, 0.102043, 0.991747)
1739395626855;4.447296;5.805512;VALID;(0.077147, 0.100851, 0.991906)
1739395626860;4.396183;5.651571;VALID;(0.076282, 0.098192, 0.992240)
1739395626865;4.341071;5.474296;VALID;(0.075350, 0.095128, 0.992609)
1739395626870;4.211429;5.461771;VALID;(0.073106, 0.094927, 0.992796)
1739395626875;4.122769;5.414928;VALID;(0.071575, 0.094126, 0.992984)
1739395626880;4.151458;5.149978;VALID;(0.072103, 0.089529, 0.993371)
1739395626885;4.180261;5.259964;VALID;(0.072589, 0.091433, 0.993162)
1739395626890;4.244723;4.836400;VALID;(0.073755, 0.084081, 0.993726)
1739395626895;4.350504;4.823239;VALID;(0.075591, 0.083841, 0.993608)
1739395626900;4.601295;5.065271;VALID;(0.079910, 0.088008, 0.992909)
1739395626905;4.710111;5.015045;VALID;(0.081802, 0.087124, 0.992833)
1739395626910;4.691722;4.847793;VALID;(0.081504, 0.084228, 0.993108)
1739395626915;4.711650;5.108144;VALID;(0.081817, 0.088737, 0.992689)
1739395626920;4.824371;5.067247;VALID;(0.083775, 0.088014, 0.992590)
1739395626925;4.693912;5.288521;VALID;(0.081487, 0.091865, 0.992432)
1739395626930;4.890833;5.067486;VALID;(0.084927, 0.088010, 0.992493)
1739395626935;4.913126;5.281732;VALID;(0.085284, 0.091718, 0.992126)
1739395626940;4.955216;5.513294;VALID;(0.085980, 0.095721, 0.991688)
1739395626945;5.102271;5.740762;VALID;(0.088491, 0.099635, 0.991081)
1739395626950;5.237513;5.898741;VALID;(0.090805, 0.102346, 0.990596)
1739395626955;5.405653;6.026593;VALID;(0.093690, 0.104528, 0.990099)
1739395626960;5.352951;6.341815;VALID;(0.092725, 0.109984, 0.989599)
1739395626965;5.517798;6.529524;VALID;(0.095537, 0.113195, 0.988969)
1739395626970;6.038154;6.539581;VALID;(0.104514, 0.113266, 0.988053)
1739395626975;6.105535;6.440959;VALID;(0.105696, 0.111551, 0.988122)
1739395626980;5.968363;6.381751;VALID;(0.103342, 0.110557, 0.988482)
1739395626985;6.270233;6.384253;VALID;(0.108549, 0.110539, 0.987926)
1739395626990;6.092509;6.272713;VALID;(0.105506, 0.108651, 0.988465)
1739395626995;6.096904;6.213218;VALID;(0.105593, 0.107624, 0.988568)
1739395627000;6.144707;6.225401;VALID;(0.106416, 0.107824, 0.988458)
1739395627005;6.281003;6.191764;VALID;(0.108774, 0.107217, 0.988268)
1739395627010;6.314726;6.129089;VALID;(0.109369, 0.106128, 0.988319)
1739395627015;6.244925;6.010605;VALID;(0.108188, 0.104098, 0.988665)
1739395627020;6.154897;5.835599;VALID;(0.106667, 0.101094, 0.989142)
1739395627025;5.999247;5.737230;VALID;(0.103998, 0.099424, 0.989596)
1739395627030;5.924191;5.644860;VALID;(0.102717, 0.097842, 0.989887)
1739395627035;5.881335;5.504583;VALID;(0.102001, 0.095425, 0.990197)
1739395627040;5.903072;5.553068;VALID;(0.102368, 0.096259, 0.990078)
1739395627045;6.011259;5.483584;VALID;(0.104250, 0.095040, 0.990000)
1739395627050;5.935310;5.505836;VALID;(0.102934, 0.095437, 0.990099)
1739395627055;5.878544;5.526778;VALID;(0.101949, 0.095809, 0.990165)
1739395627060;5.897716;5.460314;VALID;(0.102292, 0.094657, 0.990241)
1739395627065;5.926739;5.521118;VALID;(0.102783, 0.095703, 0.990089)
1739395627070;5.949786;5.622159;VALID;(0.103164, 0.097445, 0.989880)
1739395627075;5.884427;5.672977;VALID;(0.102025, 0.098335, 0.989910)
1739395627080;5.845709;5.720093;VALID;(0.101348, 0.099156, 0.989897)
1739395627085;5.865690;5.717588;VALID;(0.101694, 0.099109, 0.989867)
1739395627090;5.864119;5.705082;VALID;(0.101669, 0.098893, 0.989891)
1739395627095;5.772642;5.713816;VALID;(0.100087, 0.099060, 0.990035)
1739395627100;5.714590;5.745936;VALID;(0.099078, 0.099625, 0.990080)
1739395627105;5.571069;5.780355;VALID;(0.096591, 0.100244, 0.990263)
1739395627110;5.503534;5.772553;VALID;(0.095425, 0.100121, 0.990389)
1739395627115;5.267397;5.724548;VALID;(0.091350, 0.099329, 0.990853)
1739395627120;5.217756;5.660071;VALID;(0.090501, 0.098222, 0.991041)
1739395627125;4.927159;6.143829;VALID;(0.085399, 0.106634, 0.990624)
1739395627130;5.005318;5.869484;VALID;(0.086794, 0.101877, 0.991004)
1739395627135;4.951136;5.928675;VALID;(0.085848, 0.102909, 0.990979)
1739395627140;4.896811;5.994580;VALID;(0.084898, 0.104057, 0.990941)
1739395627145;4.914371;5.885913;VALID;(0.085218, 0.102175, 0.991110)
1739395627150;5.021977;5.944507;VALID;(0.087071, 0.103172, 0.990845)
1739395627155;5.034981;5.897231;VALID;(0.087303, 0.102352, 0.990910)
1739395627160;5.101099;6.032866;VALID;(0.088425, 0.104687, 0.990566)
1739395627165;5.253021;6.150431;VALID;(0.091032, 0.106694, 0.990116)
1739395627170;5.275305;6.307899;VALID;(0.091389, 0.109412, 0.989786)
1739395627175;5.495322;6.275202;VALID;(0.095196, 0.108808, 0.989494)
1739395627180;5.540495;6.300306;VALID;(0.095972, 0.109233, 0.989372)
1739395627185;5.642313;6.276131;VALID;(0.097734, 0.108797, 0.989248)
1739395627190;5.716935;6.177844;VALID;(0.099041, 0.107086, 0.989305)
1739395627195;5.766207;6.296358;VALID;(0.099870, 0.109123, 0.988999)
1739395627200;5.746281;6.173336;VALID;(0.099549, 0.107003, 0.989263)
1739395627205;5.764771;6.293736;VALID;(0.099845, 0.109078, 0.989006)
1739395627210;5.710314;5.966220;VALID;(0.098965, 0.103432, 0.989701)
1739395627215;5.680542;6.028029;VALID;(0.098440, 0.104505, 0.989641)
1739395627220;5.683016;6.065915;VALID;(0.098476, 0.105159, 0.989568)
1739395627225;5.564990;6.111755;VALID;(0.096429, 0.105972, 0.989683)
1739395627230;5.755613;5.959020;VALID;(0.099749, 0.103299, 0.989636)
1739395627235;5.552464;5.909638;VALID;(0.096248, 0.102482, 0.990068)
1739395627240;5.703390;5.587377;VALID;(0.098911, 0.096886, 0.990368)
1739395627245;5.495527;5.600847;VALID;(0.095315, 0.097153, 0.990695)
1739395627250;5.375588;5.382780;VALID;(0.093275, 0.093400, 0.991250)
1739395627255;5.091005;5.430332;VALID;(0.088343, 0.094265, 0.991620)
1739395627260;4.972176;5.515483;VALID;(0.086274, 0.095756, 0.991659)
1739395627265;4.908130;5.526630;VALID;(0.085163, 0.095958, 0.991735)
1739395627270;4.864800;5.237125;VALID;(0.084453, 0.090952, 0.992268)
1739395627275;4.777729;5.665910;VALID;(0.082886, 0.098388, 0.991690)
1739395627280;4.485630;5.670311;VALID;(0.077829, 0.098504, 0.992089)
1739395627285;4.621092;5.439899;VALID;(0.080205, 0.094496, 0.992289)
1739395627290;4.489157;5.730128;VALID;(0.077882, 0.099540, 0.991981)
1739395627295;4.342456;5.769896;VALID;(0.075336, 0.100248, 0.992106)
1739395627300;4.310478;5.624944;VALID;(0.074801, 0.097742, 0.992397)
1739395627305;4.265031;5.765539;VALID;(0.073996, 0.100183, 0.992214)
1739395627310;4.253056;5.844083;VALID;(0.073778, 0.101544, 0.992092)
1739395627315;4.045989;5.938934;VALID;(0.070180, 0.103213, 0.992180)
1739395627320;3.920959;5.960943;VALID;(0.068012, 0.103610, 0.992290)
1739395627325;3.980066;5.817475;VALID;(0.069054, 0.101118, 0.992475)
1739395627330;3.974526;6.133954;VALID;(0.068918, 0.106599, 0.991911)
1739395627335;3.863311;6.380987;VALID;(0.066961, 0.110890, 0.991574)
1739395627340;3.806920;6.410752;VALID;(0.065981, 0.111412, 0.991582)
1739395627345;3.776656;6.508706;VALID;(0.065445, 0.113111, 0.991425)
1739395627350;3.974979;6.351692;VALID;(0.068897, 0.110368, 0.991500)
1739395627355;3.920087;6.441577;VALID;(0.067935, 0.111931, 0.991391)
1739395627360;3.966674;6.443262;VALID;(0.068741, 0.111954, 0.991333)
1739395627365;3.948659;6.467612;VALID;(0.068426, 0.112378, 0.991307)
1739395627370;4.142546;6.503179;VALID;(0.071776, 0.112966, 0.991003)
1739395627375;4.351354;6.423165;VALID;(0.075399, 0.111552, 0.990894)
1739395627380;4.547626;6.733778;VALID;(0.078744, 0.116892, 0.990018)
1739395627385;4.588747;6.621043;VALID;(0.079473, 0.114937, 0.990189)
1739395627390;4.540239;6.547310;VALID;(0.078646, 0.113670, 0.990401)
1739395627395;4.588740;6.364412;VALID;(0.079513, 0.110501, 0.990690)
1739395627400;4.552593;6.393989;VALID;(0.078884, 0.111018, 0.990683)
1739395627405;4.606104;6.336764;VALID;(0.079818, 0.110020, 0.990719)
1739395627410;4.424447;6.268158;VALID;(0.076686, 0.108860, 0.991095)
1739395627415;4.405994;6.166348;VALID;(0.076381, 0.107102, 0.991310)
1739395627420;4.601447;6.262700;VALID;(0.079748, 0.108740, 0.990866)
1739395627425;4.583121;6.152396;VALID;(0.079448, 0.106835, 0.991098)
1739395627430;4.324770;6.172689;VALID;(0.074975, 0.107223, 0.991404)
1739395627435;4.305111;6.110910;VALID;(0.074644, 0.106156, 0.991544)
1739395627440;4.067122;6.200478;VALID;(0.070512, 0.107739, 0.991676)
1739395627445;4.041668;6.228535;VALID;(0.070068, 0.108228, 0.991654)
1739395627450;3.978100;6.064325;VALID;(0.068989, 0.105393, 0.992035)
1739395627455;3.954165;6.065630;VALID;(0.068574, 0.105419, 0.992061)
1739395627460;3.931981;6.046998;VALID;(0.068192, 0.105099, 0.992121)
1739395627465;3.940278;6.111203;VALID;(0.068328, 0.106210, 0.991993)
1739395627470;4.002582;6.089489;VALID;(0.069409, 0.105826, 0.991959)
1739395627475;4.071682;6.040566;VALID;(0.070612, 0.104970, 0.991965)
1739395627480;4.099323;5.947706;VALID;(0.071103, 0.103359, 0.992100)
1739395627485;4.346194;5.996003;VALID;(0.075370, 0.104162, 0.991700)
1739395627490;4.272573;5.954198;VALID;(0.074102, 0.103448, 0.991871)
1739395627495;4.297569;5.921325;VALID;(0.074539, 0.102876, 0.991898)
1739395627500;4.299506;5.942508;VALID;(0.074570, 0.103242, 0.991857)
1739395627505;4.377209;5.951668;VALID;(0.075913, 0.103390, 0.991740)
1739395627510;4.400633;5.882774;VALID;(0.076328, 0.102195, 0.991832)
1739395627515;4.432315;5.995683;VALID;(0.076861, 0.104145, 0.991588)
1739395627520;4.456866;5.876852;VALID;(0.077303, 0.102084, 0.991768)
1739395627525;4.708080;5.869674;VALID;(0.081652, 0.101925, 0.991436)
1739395627530;4.346228;5.986693;VALID;(0.075372, 0.104001, 0.991717)
1739395627535;4.413744;5.968610;VALID;(0.076543, 0.103679, 0.991661)
1739395627540;4.355804;6.100466;VALID;(0.075522, 0.105969, 0.991497)
1739395627545;4.379681;6.174459;VALID;(0.075925, 0.107246, 0.991329)
1739395627550;4.455666;6.201378;VALID;(0.077236, 0.107701, 0.991179)
1739395627555;4.462151;6.269051;VALID;(0.077338, 0.108870, 0.991043)
1739395627560;4.516266;6.136401;VALID;(0.078294, 0.106568, 0.991218)
1739395627565;4.614105;6.044091;VALID;(0.080000, 0.104956, 0.991254)
1739395627570;4.629513;6.143940;VALID;(0.080252, 0.106681, 0.991049)
1739395627575;4.771877;6.130462;VALID;(0.082716, 0.106427, 0.990874)
1739395627580;4.884770;6.022025;VALID;(0.084686, 0.104534, 0.990909)
1739395627585;4.926779;5.930753;VALID;(0.085426, 0.102949, 0.991012)
1739395627590;4.903936;5.835242;VALID;(0.085046, 0.101300, 0.991214)
1739395627595;4.885030;5.783899;VALID;(0.084726, 0.100414, 0.991332)
1739395627600;4.918774;5.736232;VALID;(0.085317, 0.099585, 0.991365)
1739395627605;4.901090;5.697894;VALID;(0.085017, 0.098924, 0.991457)
1739395627610;4.723335;5.911235;VALID;(0.081909, 0.102642, 0.991340)
1739395627615;4.642895;5.880652;VALID;(0.080522, 0.102124, 0.991507)
1739395627620;4.697765;5.812670;VALID;(0.081481, 0.100940, 0.991550)
1739395627625;4.628442;5.779411;VALID;(0.080286, 0.100374, 0.991705)
1739395627630;4.521843;5.846133;VALID;(0.078432, 0.101544, 0.991735)
1739395627635;4.483796;5.813123;VALID;(0.077778, 0.100977, 0.991844)
1739395627640;4.428324;5.838348;VALID;(0.076814, 0.101422, 0.991874)
1739395627645;4.389163;5.838900;VALID;(0.076136, 0.101437, 0.991924)
1739395627650;4.277735;5.784745;VALID;(0.074213, 0.100514, 0.992164)
1739395627655;4.145502;5.881058;VALID;(0.071911, 0.102198, 0.992161)
1739395627660;3.965383;5.874015;VALID;(0.068792, 0.102099, 0.992393)
1739395627665;3.998717;5.774782;VALID;(0.069382, 0.100376, 0.992528)
1739395627670;3.781059;5.779835;VALID;(0.065610, 0.100489, 0.992773)
1739395627675;3.890022;5.759271;VALID;(0.067501, 0.100120, 0.992683)
1739395627680;3.724213;5.758902;VALID;(0.064628, 0.100133, 0.992873)
1739395627685;3.594548;5.836115;VALID;(0.062372, 0.101485, 0.992880)
1739395627690;3.663591;5.727810;VALID;(0.063580, 0.099601, 0.992994)
1739395627695;3.651536;5.784579;VALID;(0.063365, 0.100586, 0.992909)
1739395627700;3.590906;5.816832;VALID;(0.062311, 0.101152, 0.992918)
1739395627705;3.365547;5.881713;VALID;(0.058398, 0.102300, 0.993038)
1739395627710;3.433118;5.973560;VALID;(0.059559, 0.103885, 0.992804)
1739395627715;3.454455;5.985860;VALID;(0.059928, 0.104096, 0.992760)
1739395627720;2.560830;5.655428;VALID;(0.044463, 0.098448, 0.994148)
1739395627725;3.519218;5.912300;VALID;(0.061058, 0.102814, 0.992825)
1739395627730;3.632458;6.157946;VALID;(0.062992, 0.107057, 0.992255)
1739395627735;3.492187;6.191696;VALID;(0.060558, 0.107657, 0.992342)
1739395627740;3.630224;6.353765;VALID;(0.062930, 0.110448, 0.991888)
1739395627745;3.461612;6.544237;VALID;(0.059988, 0.113765, 0.991695)
1739395627750;3.690261;6.772131;VALID;(0.063915, 0.117680, 0.990993)
1739395627755;3.529800;6.649658;VALID;(0.061155, 0.115581, 0.991414)
1739395627760;3.474472;6.731622;VALID;(0.060188, 0.117006, 0.991306)
1739395627765;3.517128;6.712166;VALID;(0.060928, 0.116665, 0.991301)
1739395627770;3.581037;6.762981;VALID;(0.062027, 0.117536, 0.991130)
1739395627775;3.736049;6.748021;VALID;(0.064711, 0.117257, 0.990991)
1739395627780;3.757924;7.001689;VALID;(0.065054, 0.121640, 0.990440)
1739395627785;3.744409;6.862874;VALID;(0.064840, 0.119242, 0.990746)
1739395627790;4.044489;6.646102;VALID;(0.070059, 0.115452, 0.990839)
1739395627795;2.292447;6.129634;VALID;(0.039772, 0.106694, 0.993496)
1739395627800;0.088000;5.980581;VALID;(0.001528, 0.104191, 0.994556)
1739395627805;0.791648;6.828512;VALID;(0.013718, 0.118887, 0.992813)
1739395627810;-0.507094;6.905567;VALID;(-0.008786, 0.120229, 0.992707)
1739395627815;-0.868096;7.121107;VALID;(-0.015034, 0.123953, 0.992174)
1739395627820;-1.034236;7.232780;VALID;(-0.017906, 0.125881, 0.991884)
1739395627825;-1.324995;7.065953;VALID;(-0.022948, 0.122979, 0.992144)
1739395627830;-1.293595;7.044256;VALID;(-0.022405, 0.122605, 0.992203)
1739395627835;-1.471538;7.007352;VALID;(-0.025489, 0.121957, 0.992208)
1739395627840;-1.795822;6.996813;VALID;(-0.031105, 0.121755, 0.992073)
1739395627845;-1.409604;7.159932;VALID;(-0.024408, 0.124602, 0.991907)
1739395627850;-1.577027;7.242865;VALID;(-0.027301, 0.126028, 0.991651)
1739395627855;-1.820436;7.033412;VALID;(-0.031528, 0.122387, 0.991982)
1739395627860;-1.749208;7.031909;VALID;(-0.030295, 0.122366, 0.992023)
1739395627865;-1.921371;7.198656;VALID;(-0.033264, 0.125241, 0.991569)
1739395627870;-1.870746;7.304276;VALID;(-0.032380, 0.127072, 0.991365)
1739395627875;-1.252472;7.291915;VALID;(-0.021681, 0.126895, 0.991679)
1739395627880;-1.540155;7.389387;VALID;(-0.026654, 0.128566, 0.991343)
1739395627885;-1.715464;7.426195;VALID;(-0.029685, 0.129192, 0.991175)
1739395627890;-1.404620;7.351573;VALID;(-0.024311, 0.127920, 0.991487)
1739395627895;-1.452296;7.466087;VALID;(-0.025130, 0.129898, 0.991209)
1739395627900;-1.521171;7.481048;VALID;(-0.026321, 0.130153, 0.991145)
1739395627905;-1.588050;7.362708;VALID;(-0.027485, 0.128102, 0.991380)
1739395627910;-1.671827;7.469144;VALID;(-0.028927, 0.129938, 0.991100)
1739395627915;-1.783571;7.434041;VALID;(-0.030863, 0.129323, 0.991122)
1739395627920;-1.667380;7.358420;VALID;(-0.028858, 0.128023, 0.991351)
1739395627925;-1.626658;7.508944;VALID;(-0.028143, 0.130629, 0.991032)
1739395627930;-1.763348;7.529596;VALID;(-0.030506, 0.130977, 0.990916)
1739395627935;-1.913631;7.528442;VALID;(-0.033105, 0.130947, 0.990837)
1739395627940;-1.821620;7.412175;VALID;(-0.031523, 0.128942, 0.991151)
1739395627945;-1.739362;7.445770;VALID;(-0.030097, 0.129529, 0.991119)
1739395627950;-1.991910;7.488799;VALID;(-0.034462, 0.130255, 0.990881)
1739395627955;-2.288890;7.534217;VALID;(-0.039594, 0.131015, 0.990589)
1739395627960;-2.504719;7.646035;VALID;(-0.043314, 0.132928, 0.990179)
1739395627965;-2.578753;7.678207;VALID;(-0.044590, 0.133476, 0.990048)
1739395627970;-2.516500;7.800803;VALID;(-0.043502, 0.135601, 0.989808)
1739395627975;-2.446612;7.893725;VALID;(-0.042285, 0.137213, 0.989639)
1739395627980;-2.343524;7.852364;VALID;(-0.040508, 0.136509, 0.989810)
1739395627985;-2.455953;7.911473;VALID;(-0.042444, 0.137519, 0.989589)
1739395627990;-2.707470;7.988528;VALID;(-0.046779, 0.138823, 0.989212)
1739395627995;-3.071265;7.895307;VALID;(-0.053072, 0.137170, 0.989125)
1739395628000;-2.900721;7.977410;VALID;(-0.050117, 0.138608, 0.989078)
1739395628005;-2.726931;7.967039;VALID;(-0.047118, 0.138450, 0.989248)
1739395628010;-2.525499;7.859762;VALID;(-0.043651, 0.136619, 0.989662)
1739395628015;-2.841410;7.919636;VALID;(-0.049100, 0.137618, 0.989268)
1739395628020;-2.746283;7.756994;VALID;(-0.047476, 0.134820, 0.989732)
1739395628025;-3.082905;7.677548;VALID;(-0.053300, 0.133408, 0.989627)
1739395628030;-3.034984;7.647271;VALID;(-0.052476, 0.132891, 0.989741)
1739395628035;-3.138147;7.603016;VALID;(-0.054264, 0.132114, 0.989748)
1739395628040;-2.961573;7.498535;VALID;(-0.051226, 0.130330, 0.990147)
1739395628045;-2.854854;7.395016;VALID;(-0.049393, 0.128552, 0.990472)
1739395628050;-2.975018;7.242316;VALID;(-0.051488, 0.125899, 0.990706)
1739395628055;-2.643324;6.969700;VALID;(-0.045778, 0.121217, 0.991570)
1739395628060;-2.504470;6.836443;VALID;(-0.043387, 0.118923, 0.991955)
1739395628065;-2.450446;6.733367;VALID;(-0.042461, 0.117143, 0.992207)
1739395628070;-2.423361;6.777755;VALID;(-0.041988, 0.117914, 0.992136)
1739395628075;-2.214980;6.730517;VALID;(-0.038383, 0.117113, 0.992377)
1739395628080;-2.121126;6.707032;VALID;(-0.036759, 0.116714, 0.992485)
1739395628085;-1.810940;6.593683;VALID;(-0.031393, 0.114771, 0.992896)
1739395628090;-2.145566;6.557815;VALID;(-0.037194, 0.114127, 0.992770)
1739395628095;-2.568859;6.397724;VALID;(-0.044541, 0.111319, 0.992786)
1739395628100;-1.589098;6.530167;VALID;(-0.027552, 0.113683, 0.993135)
1739395628105;-1.529035;6.622887;VALID;(-0.026506, 0.115293, 0.992978)
1739395628110;-2.003925;6.703038;VALID;(-0.034729, 0.116653, 0.992565)
1739395628115;-1.589901;6.728029;VALID;(-0.027555, 0.117112, 0.992736)
1739395628120;-1.652028;6.739569;VALID;(-0.028630, 0.117309, 0.992683)
1739395628125;-1.623173;6.731435;VALID;(-0.028131, 0.117169, 0.992714)
1739395628130;-1.511281;6.567725;VALID;(-0.026201, 0.114338, 0.993096)
1739395628135;-1.476185;6.577235;VALID;(-0.025592, 0.114505, 0.993093)
1739395628140;-1.336073;6.827822;VALID;(-0.023151, 0.118854, 0.992642)
1739395628145;-1.497166;6.786134;VALID;(-0.025945, 0.118124, 0.992660)
1739395628150;-1.215310;6.627020;VALID;(-0.021068, 0.115380, 0.993098)
1739395628155;-1.415868;6.448848;VALID;(-0.024553, 0.112282, 0.993373)
1739395628160;-1.352816;6.400413;VALID;(-0.023462, 0.111445, 0.993494)
1739395628165;-1.035669;6.382992;VALID;(-0.017963, 0.111156, 0.993641)
1739395628170;-1.109343;6.089345;VALID;(-0.019251, 0.106060, 0.994173)
1739395628175;-0.915203;6.427749;VALID;(-0.015872, 0.111936, 0.993589)
1739395628180;-0.603556;6.178245;VALID;(-0.010473, 0.107616, 0.994137)
1739395628185;-0.343177;6.195583;VALID;(-0.005955, 0.107921, 0.994142)
1739395628190;-0.537458;5.977065;VALID;(-0.009329, 0.104126, 0.994520)
1739395628196;-0.276506;5.679014;VALID;(-0.004802, 0.098954, 0.995080)
1739395628201;-0.424473;5.802771;VALID;(-0.007370, 0.101102, 0.994849)
1739395628206;-0.677364;5.800279;VALID;(-0.011761, 0.101054, 0.994811)
1739395628211;-0.429044;5.703416;VALID;(-0.007451, 0.099376, 0.995022)
1739395628216;0.850102;5.367806;VALID;(0.014771, 0.093539, 0.995506)
1739395628221;0.094273;3.879663;VALID;(0.001642, 0.067661, 0.997707)
1739395628226;0.839781;3.307654;VALID;(0.014632, 0.057691, 0.998227)
1739395628231;NaN;NaN;INVALID;
1739395628236;NaN;NaN;INVALID;
1739395628241;NaN;NaN;INVALID;
1739395628246;NaN;NaN;INVALID;
1739395628251;NaN;NaN;INVALID;
1739395628256;NaN;NaN;INVALID;
1739395628261;NaN;NaN;INVALID;
1739395628266;NaN;NaN;INVALID;
1739395628271;NaN;NaN;INVALID;
1739395628276;NaN;NaN;INVALID;
1739395628281;NaN;NaN;INVALID;
1739395628286;NaN;NaN;INVALID;
1739395628291;NaN;NaN;INVALID;
1739395628296;NaN;NaN;INVALID;
1739395628301;NaN;NaN;INVALID;
1739395628306;NaN;NaN;INVALID;
1739395628311;NaN;NaN;INVALID;
1739395628316;NaN;NaN;INVALID;
1739395628321;NaN;NaN;INVALID;
1739395628326;-1.877914;13.164936;VALID;(-0.031910, 0.227639, 0.973223)
1739395628331;NaN;NaN;INVALID;
1739395628336;-0.867129;13.833415;VALID;(-0.014695, 0.239074, 0.970890)
1739395628341;-1.808944;10.941907;VALID;(-0.030993, 0.189722, 0.981349)
1739395628346;-1.601148;11.111997;VALID;(-0.027418, 0.192655, 0.980883)
1739395628351;0.239080;12.298048;VALID;(0.004077, 0.212995, 0.977045)
1739395628356;5.380583;11.959831;VALID;(0.091753, 0.206352, 0.974167)
1739395628361;3.609598;12.370518;VALID;(0.061502, 0.213827, 0.974934)
1739395628366;2.890312;12.263298;VALID;(0.049276, 0.212146, 0.975995)
1739395628371;2.865276;12.274490;VALID;(0.048848, 0.212342, 0.975974)
1739395628376;2.161339;12.260838;VALID;(0.036855, 0.212218, 0.976527)
1739395628381;5.007256;12.055718;VALID;(0.085371, 0.208100, 0.974375)
1739395628386;5.847937;12.023758;VALID;(0.099676, 0.207280, 0.973191)
1739395628391;4.879257;12.170533;VALID;(0.083158, 0.210092, 0.974139)
1739395628396;5.219461;12.092749;VALID;(0.088968, 0.208664, 0.973932)
1739395628401;4.886679;12.282648;VALID;(0.083249, 0.211996, 0.973718)
1739395628406;4.992485;12.148619;VALID;(0.085090, 0.209685, 0.974060)
1739395628411;4.590011;12.255828;VALID;(0.078213, 0.211627, 0.974216)
1739395628416;4.528263;12.316257;VALID;(0.077145, 0.212672, 0.974074)
1739395628421;4.700068;12.184660;VALID;(0.080106, 0.210385, 0.974331)
1739395628426;4.764203;12.154251;VALID;(0.081206, 0.209849, 0.974356)
1739395628431;4.865368;12.147554;VALID;(0.082929, 0.209705, 0.974242)
1739395628436;5.474915;12.199866;VALID;(0.093274, 0.210401, 0.973155)
1739395628441;5.347262;12.235683;VALID;(0.091093, 0.211052, 0.973221)
1739395628446;5.618562;12.044067;VALID;(0.095770, 0.207705, 0.973492)
1739395628451;5.983655;12.083005;VALID;(0.101960, 0.208238, 0.972749)
1739395628456;5.994538;12.091661;VALID;(0.102141, 0.208381, 0.972700)
1739395628461;5.992910;11.978926;VALID;(0.102156, 0.206466, 0.973106)
1739395628466;5.435736;11.943323;VALID;(0.092696, 0.206053, 0.974140)
1739395628471;6.156326;12.201284;VALID;(0.104846, 0.210182, 0.972024)
1739395628476;6.178903;12.207859;VALID;(0.105227, 0.210285, 0.971961)
1739395628481;6.125611;12.152820;VALID;(0.104344, 0.209371, 0.972253)
1739395628486;3.855435;12.240253;VALID;(0.065717, 0.211553, 0.975155)
1739395628491;5.776516;12.153393;VALID;(0.098415, 0.209508, 0.972842)
1739395628496;5.924482;12.283451;VALID;(0.100879, 0.211663, 0.972123)
1739395628501;5.849575;12.334025;VALID;(0.099588, 0.212549, 0.972062)
1739395628506;4.573210;12.326584;VALID;(0.077906, 0.212835, 0.973977)
1739395628511;5.306134;12.531403;VALID;(0.090292, 0.216088, 0.972190)
1739395628516;5.168512;12.690198;VALID;(0.087902, 0.218829, 0.971796)
1739395628521;4.934919;12.721246;VALID;(0.083928, 0.219431, 0.972011)
1739395628526;5.185136;12.653927;VALID;(0.088196, 0.218208, 0.971909)
1739395628531;5.215855;12.621648;VALID;(0.088729, 0.217650, 0.971985)
1739395628536;5.336370;12.513075;VALID;(0.090812, 0.215767, 0.972213)
1739395628541;4.943672;12.540330;VALID;(0.084135, 0.216357, 0.972682)
1739395628546;5.181040;12.362515;VALID;(0.088226, 0.213261, 0.973004)
1739395628551;4.720435;12.517078;VALID;(0.080351, 0.216030, 0.973075)
1739395628556;5.261828;12.320665;VALID;(0.089612, 0.212524, 0.973038)
1739395628561;4.979995;12.342102;VALID;(0.084816, 0.212978, 0.973369)
1739395628566;5.307383;12.276449;VALID;(0.090401, 0.211758, 0.973132)
1739395628571;5.338529;12.282968;VALID;(0.090928, 0.211859, 0.973061)
1739395628576;5.255656;12.317033;VALID;(0.089509, 0.212465, 0.973061)
1739395628581;5.328326;12.330527;VALID;(0.090739, 0.212670, 0.972902)
1739395628586;5.343606;12.174853;VALID;(0.091051, 0.210020, 0.973448)
1739395628591;5.197985;12.111419;VALID;(0.088597, 0.208988, 0.973897)
1739395628596;5.358434;11.989151;VALID;(0.091366, 0.206858, 0.974096)
1739395628601;4.876557;12.068599;VALID;(0.083144, 0.208359, 0.974512)
1739395628606;4.954680;12.215117;VALID;(0.084426, 0.210827, 0.973871)
1739395628611;4.405750;12.246574;VALID;(0.075081, 0.211521, 0.974486)
1739395628616;4.250187;12.235728;VALID;(0.072437, 0.211378, 0.974717)
1739395628621;4.452940;12.361203;VALID;(0.075851, 0.213457, 0.974003)
1739395628626;4.492428;12.194504;VALID;(0.076570, 0.210611, 0.974567)
1739395628631;4.576321;12.323238;VALID;(0.077960, 0.212777, 0.973986)
1739395628636;4.592701;12.361218;VALID;(0.078227, 0.213418, 0.973824)
1739395628641;4.549410;12.288319;VALID;(0.077513, 0.212191, 0.974149)
1739395628646;4.504831;12.203645;VALID;(0.076779, 0.210763, 0.974517)
1739395628651;4.400874;12.339469;VALID;(0.074972, 0.213102, 0.974149)
1739395628656;4.192706;12.442948;VALID;(0.071403, 0.214917, 0.974019)
1739395628661;4.158896;12.465623;VALID;(0.070822, 0.215312, 0.973974)
1739395628666;4.267971;12.200763;VALID;(0.072749, 0.210778, 0.974823)
1739395628671;4.174582;12.191879;VALID;(0.071162, 0.210651, 0.974968)
1739395628676;4.089996;12.152428;VALID;(0.069733, 0.210001, 0.975211)
1739395628681;4.104271;12.008609;VALID;(0.070013, 0.207548, 0.975716)
1739395628686;4.038908;11.976678;VALID;(0.068908, 0.207020, 0.975907)
1739395628691;4.014834;11.891946;VALID;(0.068519, 0.205582, 0.976238)
1739395628696;3.924109;11.791932;VALID;(0.066997, 0.203899, 0.976697)
1739395628701;3.854399;11.670110;VALID;(0.065838, 0.201838, 0.977204)
1739395628706;3.709961;11.795713;VALID;(0.063345, 0.204012, 0.976917)
1739395628711;3.776735;11.354102;VALID;(0.064585, 0.196461, 0.978382)
1739395628716;3.765007;11.446183;VALID;(0.064364, 0.198036, 0.978079)
1739395628721;4.045571;11.402403;VALID;(0.069164, 0.197225, 0.977916)
1739395628726;3.893361;11.436844;VALID;(0.066557, 0.197848, 0.977971)
1739395628731;3.750269;11.435751;VALID;(0.064115, 0.197861, 0.978131)
1739395628736;3.995677;11.383526;VALID;(0.068317, 0.196914, 0.978038)
1739395628741;3.848999;11.328055;VALID;(0.065825, 0.196000, 0.978392)
1739395628746;3.784612;11.429766;VALID;(0.064702, 0.197751, 0.978115)
1739395628751;3.725292;11.396150;VALID;(0.063697, 0.197190, 0.978294)
1739395628756;3.887696;11.339764;VALID;(0.066483, 0.196192, 0.978309)
1739395628761;3.906573;11.273256;VALID;(0.066821, 0.195052, 0.978514)
1739395628766;3.905502;11.240991;VALID;(0.066810, 0.194501, 0.978625)
1739395628771;3.848534;11.161890;VALID;(0.065855, 0.193162, 0.978954)
1739395628776;4.003407;11.161864;VALID;(0.068501, 0.193127, 0.978780)
1739395628781;3.730865;11.142434;VALID;(0.063848, 0.192854, 0.979148)
1739395628786;3.674433;11.139937;VALID;(0.062884, 0.192824, 0.979216)
1739395628791;3.673256;11.060835;VALID;(0.062881, 0.191472, 0.979482)
1739395628796;3.785146;11.120932;VALID;(0.064781, 0.192475, 0.979161)
1739395628801;3.837312;11.150130;VALID;(0.065666, 0.192963, 0.979006)
1739395628806;3.935032;11.156535;VALID;(0.067334, 0.193051, 0.978876)
1739395628811;3.849049;11.084217;VALID;(0.065881, 0.191834, 0.979214)
1739395628816;3.781054;11.058375;VALID;(0.064725, 0.191407, 0.979374)
1739395628821;3.792044;11.025527;VALID;(0.064920, 0.190843, 0.979472)
1739395628826;3.764276;11.037864;VALID;(0.064442, 0.191060, 0.979461)
1739395628831;3.777457;11.070809;VALID;(0.064660, 0.191620, 0.979337)
1739395628836;3.806776;11.045828;VALID;(0.065167, 0.191187, 0.979388)
1739395628841;3.831751;10.998990;VALID;(0.065605, 0.190381, 0.979516)
1739395628846;3.525693;10.855319;VALID;(0.060400, 0.187986, 0.980313)
1739395628851;3.917002;10.789573;VALID;(0.067109, 0.186781, 0.980107)
1739395628856;3.981904;10.731899;VALID;(0.068233, 0.185780, 0.980220)
1739395628861;4.092396;10.607369;VALID;(0.070152, 0.183624, 0.980490)
1739395628866;4.185866;10.584470;VALID;(0.071757, 0.183211, 0.980451)
1739395628871;4.181186;10.461732;VALID;(0.071705, 0.181111, 0.980845)
1739395628876;4.189052;10.444172;VALID;(0.071844, 0.180809, 0.980891)
1739395628881;4.128086;10.506453;VALID;(0.070786, 0.181889, 0.980768)
1739395628886;4.190703;10.502072;VALID;(0.071859, 0.181800, 0.980707)
1739395628891;4.142617;10.540666;VALID;(0.071027, 0.182471, 0.980642)
1739395628896;3.974668;10.517850;VALID;(0.068156, 0.182117, 0.980912)
1739395628901;4.048262;10.487112;VALID;(0.069423, 0.181575, 0.980924)
1739395628906;3.737582;10.620055;VALID;(0.064075, 0.183917, 0.980851)
1739395628911;3.707693;10.649049;VALID;(0.063557, 0.184419, 0.980791)
1739395628916;3.630107;10.586431;VALID;(0.062241, 0.183362, 0.981073)
1739395628921;3.541790;10.645534;VALID;(0.060717, 0.184392, 0.980976)
1739395628926;3.502809;10.556347;VALID;(0.060067, 0.182872, 0.981300)
1739395628931;3.491165;10.520750;VALID;(0.059875, 0.182264, 0.981425)
1739395628936;3.569063;10.495552;VALID;(0.061214, 0.181818, 0.981425)
1739395628941;3.392450;10.526005;VALID;(0.058182, 0.182372, 0.981507)
1739395628946;3.400744;10.401690;VALID;(0.058348, 0.180241, 0.981890)
1739395628951;3.452165;10.344814;VALID;(0.059240, 0.179256, 0.982017)
1739395628956;3.549540;10.407175;VALID;(0.060897, 0.180307, 0.981723)
1739395628961;3.437214;10.318385;VALID;(0.058989, 0.178806, 0.982114)
1739395628966;3.522013;10.361539;VALID;(0.060434, 0.179530, 0.981894)
1739395628971;3.536489;10.271552;VALID;(0.060699, 0.177985, 0.982159)
1739395628976;3.685086;10.224753;VALID;(0.063256, 0.177154, 0.982148)
1739395628981;3.799285;10.263672;VALID;(0.065206, 0.177799, 0.981904)
1739395628986;3.797013;10.264603;VALID;(0.065167, 0.177816, 0.981904)
1739395628991;3.710396;10.312374;VALID;(0.063672, 0.178652, 0.981850)
1739395628996;3.780523;10.463796;VALID;(0.064843, 0.181232, 0.981300)
1739395629001;3.693614;10.426532;VALID;(0.063362, 0.180611, 0.981512)
1739395629006;3.776614;10.444281;VALID;(0.064780, 0.180899, 0.981366)
1739395629011;3.763281;10.456578;VALID;(0.064549, 0.181112, 0.981342)
1739395629016;3.713499;10.467958;VALID;(0.063694, 0.181317, 0.981360)
1739395629021;3.587650;10.476418;VALID;(0.061536, 0.181486, 0.981466)
1739395629026;3.528244;10.496226;VALID;(0.060515, 0.181837, 0.981465)
1739395629031;3.607292;10.496059;VALID;(0.061869, 0.181819, 0.981384)
1739395629036;3.632253;10.524822;VALID;(0.062291, 0.182307, 0.981267)
1739395629041;3.441684;10.494435;VALID;(0.059032, 0.181822, 0.981558)
1739395629046;3.445699;10.499828;VALID;(0.059100, 0.181914, 0.981537)
1739395629051;3.485300;10.509211;VALID;(0.059776, 0.182067, 0.981467)
1739395629056;3.554096;10.528175;VALID;(0.060951, 0.182379, 0.981337)
1739395629061;3.605091;10.449469;VALID;(0.061840, 0.181021, 0.981533)
1739395629066;3.507807;10.469191;VALID;(0.060170, 0.181378, 0.981571)
1739395629071;3.661934;10.411958;VALID;(0.062822, 0.180367, 0.981591)
1739395629076;3.669039;10.412355;VALID;(0.062943, 0.180373, 0.981582)
1739395629081;3.613503;10.429687;VALID;(0.061988, 0.180681, 0.981587)
1739395629086;3.624705;10.415210;VALID;(0.062183, 0.180430, 0.981620)
1739395629091;3.588932;10.357164;VALID;(0.061582, 0.179443, 0.981839)
1739395629096;3.845666;10.206662;VALID;(0.066012, 0.176813, 0.982028)
1739395629101;3.416216;10.506584;VALID;(0.058593, 0.182035, 0.981545)
1739395629106;3.613501;10.416733;VALID;(0.061991, 0.180459, 0.981627)
1739395629111;3.441672;10.593073;VALID;(0.059013, 0.183512, 0.981245)
1739395629116;3.133600;10.593192;VALID;(0.053735, 0.183569, 0.981537)
1739395629121;3.849276;10.585165;VALID;(0.065995, 0.183296, 0.980840)
1739395629126;3.980192;10.472056;VALID;(0.068261, 0.181332, 0.981050)
1739395629131;4.058541;10.406893;VALID;(0.069617, 0.180199, 0.981163)
1739395629136;3.999365;10.445502;VALID;(0.068595, 0.180873, 0.981111)
1739395629141;4.094862;10.249632;VALID;(0.070274, 0.177497, 0.981609)
1739395629146;3.662867;10.071994;VALID;(0.062905, 0.174539, 0.982639)
1739395629151;4.216465;10.017919;VALID;(0.072410, 0.173500, 0.982168)
1739395629156;4.116955;9.723609;VALID;(0.070766, 0.168472, 0.983163)
1739395629161;3.880007;9.644941;VALID;(0.066715, 0.167169, 0.983669)
1739395629166;1.404443;8.787835;VALID;(0.024222, 0.152731, 0.987971)
1739395629171;1.647735;7.758613;VALID;(0.028491, 0.134945, 0.990443)
1739395629176;1.481833;6.190979;VALID;(0.025709, 0.107807, 0.993839)
1739395629181;8.380877;7.371282;VALID;(0.144574, 0.126951, 0.981316)
1739395629186;NaN;NaN;INVALID;
1739395629191;NaN;NaN;INVALID;
1739395629196;NaN;NaN;INVALID;
1739395629201;NaN;NaN;INVALID;
1739395629206;NaN;NaN;INVALID;
1739395629211;NaN;NaN;INVALID;
1739395629216;NaN;NaN;INVALID;
1739395629221;NaN;NaN;INVALID;
1739395629226;NaN;NaN;INVALID;
1739395629231;NaN;NaN;INVALID;
1739395629236;NaN;NaN;INVALID;
1739395629241;NaN;NaN;INVALID;
1739395629246;NaN;NaN;INVALID;
1739395629251;NaN;NaN;INVALID;
1739395629256;NaN;NaN;INVALID;
1739395629261;NaN;NaN;INVALID;
1739395629266;NaN;NaN;INVALID;
1739395629271;NaN;NaN;INVALID;
1739395629276;NaN;NaN;INVALID;
1739395629281;NaN;NaN;INVALID;
1739395629286;NaN;NaN;INVALID;
1739395629291;NaN;NaN;INVALID;
1739395629296;NaN;NaN;INVALID;
1739395629301;NaN;NaN;INVALID;
1739395629306;NaN;NaN;INVALID;
1739395629311;NaN;NaN;INVALID;
1739395629316;NaN;NaN;INVALID;
1739395629321;9.079066;4.724136;VALID;(0.157275, 0.081333, 0.984200)
1739395629326;7.808974;2.161388;VALID;(0.135776, 0.037365, 0.990035)
1739395629331;1.312928;3.384810;VALID;(0.022873, 0.059026, 0.997994)
1739395629336;1.235040;3.781782;VALID;(0.021507, 0.065941, 0.997592)
1739395629341;2.128741;6.038858;VALID;(0.036939, 0.105131, 0.993772)
1739395629346;2.125538;6.119656;VALID;(0.036878, 0.106533, 0.993625)
1739395629351;2.408066;6.091524;VALID;(0.041779, 0.106024, 0.993486)
1739395629356;2.414660;6.260098;VALID;(0.041881, 0.108946, 0.993165)
1739395629361;2.154462;5.960240;VALID;(0.037391, 0.103766, 0.993899)
1739395629366;1.916169;5.699140;VALID;(0.033272, 0.099250, 0.994506)
1739395629371;1.299590;5.248240;VALID;(0.022585, 0.091448, 0.995554)
1739395629376;1.137885;5.042624;VALID;(0.019782, 0.087880, 0.995935)
1739395629381;1.233180;4.667695;VALID;(0.021450, 0.081358, 0.996454)
1739395629386;0.991598;4.619667;VALID;(0.017250, 0.080529, 0.996603)
1739395629391;5.454026;5.268706;VALID;(0.094649, 0.091414, 0.991305)
1739395629396;4.902636;5.878238;VALID;(0.085017, 0.102044, 0.991140)
1739395629401;5.300255;5.953276;VALID;(0.091881, 0.103279, 0.990400)
1739395629406;5.522002;5.913530;VALID;(0.095721, 0.102554, 0.990111)
1739395629411;5.365731;5.823424;VALID;(0.093034, 0.101023, 0.990525)
1739395629416;5.161569;5.770081;VALID;(0.089512, 0.100133, 0.990939)
1739395629421;5.027880;5.672501;VALID;(0.087215, 0.098466, 0.991311)
1739395629426;4.066173;5.601269;VALID;(0.070572, 0.097362, 0.992744)
1739395629431;3.953485;5.497172;VALID;(0.068631, 0.095571, 0.993054)
1739395629436;3.821898;5.379914;VALID;(0.066363, 0.093553, 0.993400)
1739395629441;3.745746;5.305885;VALID;(0.065050, 0.092277, 0.993606)
1739395629446;3.614182;5.253827;VALID;(0.062774, 0.091388, 0.993835)
1739395629451;4.125004;5.392194;VALID;(0.071616, 0.093731, 0.993018)
1739395629456;4.115278;5.211400;VALID;(0.071468, 0.090598, 0.993320)
1739395629461;4.084259;5.177679;VALID;(0.070934, 0.090017, 0.993411)
1739395629466;3.828458;5.337680;VALID;(0.066481, 0.092820, 0.993461)
1739395629471;3.981092;5.338038;VALID;(0.069128, 0.092809, 0.993281)
1739395629476;3.433627;5.285424;VALID;(0.059638, 0.091953, 0.993976)
1739395629481;3.839180;5.396081;VALID;(0.066661, 0.093831, 0.993354)
